Kaiser Md Nahiduzzaman, kaisernahid, 2020-Nov-03
Araf Mustavi, arafMustavi, 2020-Nov-05
Arnob Mallik, amallik-ualberta, 2020-Nov-06
Md. Asif Haider, asifhaider, 2020-Nov-08
Dipu Ram Roy, dipu11, 2020-Nov-16
KM Ferdous, kmferdous, 2020-Nov-24
Md Khairul Anam, anamsimon, 2020-Nov-25
